,venue,address,latitude,longitude
0,Project Pollo,"1401 Rosewood Ave A-1, Austin, TX 78702, USA",30.2687694,-97.7240819
1,Starbucks,"300 E 4th St, Austin, TX 78701, USA",30.2655533,-97.7402274
2,Starbucks,"1001 Congress Ave  Austin, TX 78701, USA",30.2718468,-97.74096999999999
3,Starbucks,"600 Congress Ave Ste. G-270, Austin, TX 78701, USA",30.2682718,-97.7429432
4,Starbucks,"110 E 2nd St, Austin, TX 78701, USA",30.2645713,-97.74319799999999
5,Truluck's,"400 Colorado St, Austin, TX 78701, USA",30.2668844,-97.7449805
6,Starbucks,"301 W 3rd St, Austin, TX 78701, USA",30.2657981,-97.7465297
7,Drinks Lounge,"2001 E Cesar Chavez St, Austin, TX 78702, USA",30.2564101,-97.7232758
8,Starbucks,"501 W 15th St, Austin, TX 78701, USA",30.2779791,-97.7444288
9,Testing Center at The University of Texas at Austin,"SZB, Speedway, Austin, TX 78712, USA",30.2816544,-97.7387608
10,Starbucks,"208 Barton Springs Rd, Austin, TX 78704, USA",30.2609161,-97.7474421
11,The Grove Wine Bar & Kitchen,"800 W 6th St  Austin, TX 78701, USA",30.2708146,-97.7506641
12,Lola Savannah Coffee Downtown,"800 W 6th St  Austin, TX 78701, USA",30.2708146,-97.7506641
13,Starbucks,"2021 Guadalupe St, Austin, TX 78705, USA",30.2832126,-97.74175179999999
14,Nom Burgers,"2324 E Cesar Chavez St, Austin, TX 78702, USA",30.2550902,-97.7182267
15,The Vegan Nom,"2324 E Cesar Chavez St, Austin, TX 78702, USA",30.2550902,-97.7182267
16,Starbucks,"907 W 5th St  Austin, TX 78703, USA",30.269586,-97.75380860000001
17,Haymaker,"2310 Manor Rd, Austin, TX 78722, USA",30.2848488,-97.717612
18,Plucker's Wing Bar,"2222 Rio Grande St Ste D116, Austin, TX 78705, USA",30.2862926,-97.7450435
19,Starbucks,"504 W 24th St Suite B, Austin, TX 78705, USA",30.2879367,-97.74264629999999
20,Bird Bird Biscuit,"2701 Manor Rd, Austin, TX 78722, USA",30.2847954,-97.7139637
21,Moody's Kitchen and Bar,"2530 Guadalupe St, Austin, TX 78705, USA",30.2899014,-97.7416066
22,Starbucks,"1200 Barton Springs Rd, Austin, TX 78704, USA",30.2612354,-97.75792589999999
23,Starbucks,"1920 E Riverside Dr  Austin, TX 78741, USA",30.242302,-97.728274
24,Mission Street Burrito,"1505 Town Creek Dr, Austin, TX 78741, USA",30.2416861,-97.72683970000001
25,Starbucks,"1509 S Lamar Blvd  Austin, TX 78704, USA",30.25193,-97.76378389999999
26,Burger King,"2500 E Riverside Dr, Austin, TX 78741, USA",30.2353831,-97.7235728
27,Starbucks,"3706 Guadalupe St A, Austin, TX 78705, USA",30.3025965,-97.7385724
28,Starbucks,"516 W Oltorf St, Austin, TX 78704, USA",30.24220699999999,-97.75892340000001
29,Winebelly,"519 W Oltorf St, Austin, TX 78704, USA",30.2413562,-97.7589601
30,Starbucks,"2300 S IH 35 Frontage Rd South, Austin, TX 78704, USA",30.2336587,-97.74239709999999
31,Starbucks,"1500 W 35th St, Austin, TX 78703, USA",30.3065873,-97.74905489999999
32,Jamba,"1201 Barbara Jordan Blvd Ste.. 1295, Austin, TX 78722, USA",30.3066396,-97.709552
33,Starbucks,"1201 Barbara Jordan Blvd  Austin, TX 78723, USA",30.3066396,-97.709552
34,Starbucks,"1801 E 51st St BLDG A 190, Austin, TX 78723, USA",30.3032346,-97.69894819999999
35,Starbucks,"4400 N Lamar Blvd Ste 104, Austin, TX 78756, USA",30.3126259,-97.7385724
36,Starbucks,"2727 Exposition Blvd Unit  Austin, TX 78703, USA",30.3041633,-97.7642509
37,Dog Haus,"5610 N Interstate Hwy 35, Austin, TX 78751, USA",30.3161497,-97.7084916
38,Starbucks,"500A E Ben White Blvd, Austin, TX 78704, USA",30.2204806,-97.7573953
39,Burger King,"1001 E Ben White Blvd, Austin, TX 78704, USA",30.2167784,-97.7548485
40,Barley Bean Coffee,"3600 S Lamar Blvd, Austin, TX 78704, USA",30.23921709999999,-97.7888983
41,Burger King,"3001 Montopolis Dr, Austin, TX 78741, USA",30.21345999999999,-97.7108882
42,Starbucks,"3300 Bee Cave Rd, Austin, TX 78746, USA",30.2737748,-97.7986026
43,Plucker's Wing Bar,"6406 N Interstate 35 Frontage Rd Ste 2949, Austin, TX 78752, USA",30.3238975,-97.70784560000001
44,Plucker's Wing Bar,"3909-B S Lamar Blvd, Austin, TX 78704, USA",30.2367472,-97.7909158
45,Starbucks,"4006 S Lamar Blvd, Austin, TX 78704, USA",30.237863,-97.7932088
46,Burger King,"FM 969, Austin, TX 78724, USA",30.26345689999999,-97.6221439
47,Starbucks,"2300 W Ben White Blvd, Austin, TX 78704, USA",30.2334001,-97.7914251
48,Starbucks,"7709 E Ben White Blvd  Austin, TX 78744, USA",30.2176804,-97.6897877
49,Starbucks,"2025 W Ben White Blvd, Austin, TX 78704, USA",30.2295135,-97.7893654
50,The Cheesecake Factory,"2901 S Capital of Texas Hwy, Austin, TX 78746, USA",30.2573622,-97.8072249
51,Starbucks,"2901 S Capital of Texas Hwy Space E01, Austin, TX 78746, USA",30.2573622,-97.8072249
52,Burger King,"7105 N Interstate Hwy 35 Apt 35, Austin, TX 78752, USA",30.3320885,-97.7035501
53,85°C Bakery Cafe,"6929 Airport Blvd  Austin, TX 78752, USA",30.3364493,-97.7172726
54,Black Star Co-Op,"7020 Easy Wind Dr, Austin, TX 78752, USA",30.3384951,-97.71877529999999
55,Starbucks,"3317 Northland Dr ste a, Austin, TX 78731, USA",30.33698029999999,-97.7570557
56,Rusty Cannon Pub,"730 W Stassney Ln  Austin, TX 78745, USA",30.2091548,-97.78347339999999
57,Starbucks,"2401 Cardinal Loop, Del Valle, TX 78617, USA",30.2132342,-97.6582231
58,Starbucks,"701 South S Capital of Texas Hwy B-200, Austin, TX 78746, USA",30.292598,-97.825278
59,Red Robin,"5601 Brodie Ln, Sunset Valley, TX 78745, USA",30.2266794,-97.8208306
60,Starbucks,"3637 Far W Blvd, Austin, TX 78731, USA",30.3546274,-97.75648269999999
61,Austin Terrier,"3435 Greystone Dr, Austin, TX 78731, USA",30.3570553,-97.74875779999999
62,Starbucks,"5300 S MoPac Expy, Austin, TX 78749, USA",30.2338365,-97.82787610000001
63,The Grove Wine Bar & Kitchen,"6317 Bee Cave Rd  Austin, TX 78746, USA",30.2961285,-97.8328859
64,Dog Haus,"8023 Burnet Rd, Austin, TX 78757, USA",30.3590985,-97.72951069999999
65,Plant B,"8023 Burnet Rd, Austin, TX 78757, USA",30.3590985,-97.72951069999999
66,Fatburger,"8023 Burnet Rd, Austin, TX 78723, USA",30.3590985,-97.72951069999999
67,Starbucks,"2900 W Anderson Ln, Austin, TX 78757, USA",30.3590684,-97.7359414
68,Starbucks,"6816 West Gate Blvd, Austin, TX 78745, USA",30.20793639999999,-97.8154023
69,Burger King,"9523 N Lamar Blvd, Austin, TX 78753, USA",30.36520329999999,-97.69536440000002
70,Starbucks,"6600 S MoPac Expy  Austin, TX 78749, USA",30.2226489,-97.83645539999999
71,Plucker's Wing Bar,"9070 Research Blvd Ste 201C, Austin, TX 78758, USA",30.3726587,-97.72802779999999
72,Starbucks,"8040 Mesa Dr, Austin, TX 78731, USA",30.3715752,-97.758223
73,Austin Beerworks,"3001 Industrial Terrace, Austin, TX 78758, USA",30.3795323,-97.7298715
74,Starbucks,"9300 S I- 35 Service Rd G100, Austin, TX 78748, USA",30.1655277,-97.7882401
75,Starbucks,"9500 S I-35, Feeder Rd Bldg G, Austin, TX 78748, USA",30.1629477,-97.79401519999999
76,Burger King,"1905 W Slaughter Ln, Austin, TX 78748, USA",30.1733329,-97.8227309
77,The Cheesecake Factory,"10000 Research Blvd, Austin, TX 78759, USA",30.3922683,-97.74820109999999
78,Starbucks,"10107 Research Blvd, Austin, TX 78759, USA",30.3927426,-97.7438771
79,Truluck's,"10225 Research Blvd Suite 4000, Austin, TX 78759, USA",30.3944546,-97.74385869999999
80,The Brass Tap,"10910 Domain Dr, Austin, TX 78758, USA",30.3954441,-97.7269882
81,Starbucks,"7015 West US, W Hwy 290, Austin, TX 78736, USA",30.232506,-97.87404599999999
82,Starbucks,"9722 Great Hills Trail  Austin, TX 78759, USA",30.3955849,-97.7517712
83,Burger King,"3906 W Braker Ln, Austin, TX 78759, USA",30.3970961,-97.7342228
84,Plucker's Wing Bar,"7101 State Hwy 71 Ste E19, Austin, TX 78735, USA",30.2343576,-97.87645429999999
85,Starbucks,"9911 Brodie Ln, Austin, TX 78748, USA",30.1838903,-97.84775990000001
86,Starbucks,"3328 W Slaughter Ln, Austin, TX 78748, USA",30.1827474,-97.8470162
87,JINYA Ramen Bar,"3210 Esperanza Crossing Suite 130, Austin, TX 78758, USA",30.4006263,-97.7241031
88,Starbucks,"11410 MoPac Expy c09, Austin, TX 78759, USA",30.4019834,-97.7265094
89,Starbucks,"10900 Research Blvd, Austin, TX 78759, USA",30.401681,-97.7474544
90,The park at Domain,"11601 Domain Dr, Austin, TX 78758, USA",30.402766,-97.72374579999999
91,Starbucks,"3120 Palm Way  Austin, TX 78758, USA",30.4029773,-97.72137649999999
92,Starbucks,"1606 E Parmer Ln Suite 100, Austin, TX 78753, USA",30.3885819,-97.6501486
93,Starbucks,"9600 Escarpment Blvd bldg f 700, Austin, TX 78749, USA",30.2034434,-97.8787929
94,Starbucks,"1700 W Parmer Ln, Austin, TX 78727, USA",30.413383,-97.6895545
95,Red Robin,"13000 N IH35 SBFR  Austin, TX 78753, USA",30.4107589,-97.67542259999999
96,Starbucks,"2505 W Parmer Ln, Austin, TX 78727, USA",30.418834,-97.7027547
97,Starbucks,"11220 FM 2222, Austin, TX 78730, USA",30.4024887,-97.8503265
98,Starbucks,"12608 Lexington St, Manor, TX 78653, USA",30.3496788,-97.55644009999999
99,Starbucks,"7710 N FM 620 Unit 610, Austin, TX 78726, USA",30.4093326,-97.85215900000001
100,Dog Haus,"7710 N FM 620 Building 7, Suite 750, Austin, TX 78726, USA",30.4093326,-97.85215900000001
101,Starbucks,"6301 W Parmer Ln  Austin, TX 78729, USA",30.445215,-97.74391949999999
102,Starbucks,"12400 State Hwy 71 West 710, Austin, TX 78738, USA",30.304773,-97.934122
103,Starbucks,"5145 N FM 620, Austin, TX 75783, USA",30.3891676,-97.8838207
104,Burger King,"1420 Wells Branch Pkwy, Pflugerville, TX 78660, USA",30.4412782,-97.6633098
105,Burger King,"13450 Highway 183 North, Austin, TX 78750, USA",30.45442809999999,-97.7915855
106,Starbucks,"9617 Anderson Mill Rd  Austin, TX 78750, USA",30.44812569999999,-97.7913296
107,Starbucks,"2604 W Pecan St B, Pflugerville, TX 78660, USA",30.44901,-97.655498
108,Starbucks,"15295 I-35, Buda, TX 78610, USA",30.0903843,-97.81550849999999
109,Starbucks,"11521 N FM 620 N 950, Austin, TX 78726, USA",30.453184,-97.827004
110,Burger King,"15705 S IH 35 Frontage Rd, Buda, TX 78610, USA",30.0800454,-97.82232719999999
111,Plucker's Wing Bar,"11066 Pecan Park Blvd Unit G, Cedar Park, TX 78613, USA",30.4684692,-97.8035405
112,Starbucks,"11200 Lakeline Mall Dr, Cedar Park, TX 78613, USA",30.4709093,-97.8063212
113,The Grove Wine Bar & Kitchen,"3001 Ranch Rd 620 S, Austin, TX 78738, USA",30.3339417,-97.9677579
114,Starbucks,"10900 Lakeline Mall Blvd, Austin, TX 78717, USA",30.4755413,-97.7963563
115,Starbucks,"2301 Ranch Rd 620 S, Lakeway, TX 78734, USA",30.34139889999999,-97.9670587
116,Hurricane Grill & Wings,"2701 Parker Dr Suite D 100, Round Rock, TX 78681, USA",30.4818941,-97.6795685
117,Starbucks,"2410 Ranch Rd 620 S  Lakeway, TX 78738, USA",30.3399817,-97.9699717
118,Starbucks,"14028 N, US-183  Austin, TX 78717, USA",30.4760825,-97.8036994
119,Starbucks,"1709 E Pflugerville Pkwy, Pflugerville, TX 78660, USA",30.4559671,-97.6034375
120,85°C Bakery Cafe,"11301 South Lakeline Blvd  Austin, TX 78717, USA",30.47798,-97.80038640000001
121,Burger King,"2500 S IH 35 Frontage Rd, Round Rock, TX 78681, USA",30.4865319,-97.67713049999999
122,Starbucks,"737 Louis Henna Blvd, Round Rock, TX 78664, USA",30.4826676,-97.65654880000001
123,Starbucks,"18700 Limestone Commercial Dr, Pflugerville, TX 78660, USA",30.4673232,-97.5987853
124,Starbucks,"16650 N. RR 620 Road, Round Rock, TX 78681, USA",30.4985241,-97.7229258
125,Starbucks,"1400 Cypress Creek Road, Cedar Park, TX 78613, USA",30.48289059999999,-97.8295716
126,Starbucks,"1525 Cypress Creek Road Suite A, Cedar Park, TX 78613, USA",30.481731,-97.8341713
127,Plucker's Wing Bar,"300 Mays Crossing Dr Ste 300, Round Rock, TX 78664, USA",30.4992583,-97.6792933
128,Starbucks,"1850 S A.W. Grimes Blvd  Round Rock, TX 78664, USA",30.4940533,-97.6563698
129,Starbucks,"2051 Gattis School Rd, Round Rock, TX 78664, USA",30.4951063,-97.65471559999999
130,Burger King,"13542 US-290, Austin, TX 78737, USA",30.1971913,-98.00037619999999
131,Starbucks,"110 N Interstate Hwy 35, Round Rock, TX 78681, USA",30.5081518,-97.6865693
132,Starbucks,"1010 I-35, Round Rock, TX 78681, USA",30.5165079,-97.6893523
133,Burger King,"18600 S IH 35 Frontage Rd, Buda, TX 78610, USA",30.0370021,-97.84539339999999
134,Burger King,"713 N Bell Blvd, Cedar Park, TX 78613, USA",30.5177429,-97.8287005
135,The Grove Wine Bar & Kitchen,"1310 E Whitestone Blvd  Cedar Park, TX 78613, USA",30.524256,-97.814404
136,Starbucks,"1109 N Bell Blvd, Cedar Park, TX 78613, USA",30.522096,-97.8313774
137,Starbucks,"1335 E Whitestone Blvd, Cedar Park, TX 78613, USA",30.5270437,-97.8144301
138,Starbucks,"2800 E Whitestone Blvd Suite  Cedar Park, TX 78613, USA",30.5338021,-97.7837601
139,Starbucks,"1101 C-bar Ranch Trail Lot  Cedar Park, TX 78613, USA",30.5285267,-97.8129747
140,Red Robin,"5011 183A, Park, TX 78613, USA",30.5329599,-97.8181383
141,Starbucks,"5111 183A, Cedar Park, TX 78613, USA",30.5343521,-97.8178238
142,Starbucks,"5401 South, Farm to Market 1626, Kyle, TX 78640, USA",30.0158656,-97.8620114
143,Starbucks,"5188 Kyle Center Dr, Kyle, TX 78640, USA",30.0110058,-97.8641675
144,Route 12 Filling Station,"31560 Ranch Rd 12  Dripping Springs, TX 78620, USA",30.2499857,-98.057014
145,Starbucks,"4450 E Palm Valley Blvd Bldg B, Ste100, Round Rock, TX 78665, USA",30.532102,-97.61606019999999
146,Starbucks,"7708 Lohman Ford Rd A-101, Lago Vista, TX 78645, USA",30.4756111,-97.9760601
147,Starbucks,"455 University Blvd  Round Rock, TX 78665, USA",30.5609885,-97.6808829
148,Burger King,"4410 Sunrise Rd B, Round Rock, TX 78665, USA",30.56202669999999,-97.681214
149,Starbucks,"3441 Lakeline Blvd, Leander, TX 78641, USA",30.5429991,-97.86507979999999
150,Starbucks,"1820 Crystal Falls Pkwy  Leander, TX 78641, USA",30.54469659999999,-97.8649114
151,Starbucks,"4401 N Interstate 35 Frontage Rd  Round Rock, TX 78664, USA",30.5646954,-97.6899998
152,Starbucks,"1805 S, US-183  Leander, TX 78641, USA",30.5566298,-97.84405199999999
153,Starbucks,"718 U.S. 79 W, Hutto, TX 78634, USA",30.540587,-97.56499699999999
154,Wayback Burgers,"1900 University Blvd Suite 100, Round Rock, TX 78665, USA",30.5722658,-97.6533275
155,Starbucks,"108 East US, W Hwy 290, Dripping Springs, TX 78620, USA",30.191202,-98.085903
156,Burger King,"651 N US Hwy 183, Leander, TX 78641, USA",30.5833317,-97.85547439999999
157,Starbucks,"1021 W University Ave B3, Georgetown, TX 78628, USA",30.6307469,-97.69873609999999
158,Starbucks,"1003 W University Ave  Georgetown, TX 78626, USA",30.6323902,-97.6930546
159,Burger King,"100 River Oaks Cove, Georgetown, TX 78626, USA",30.6392323,-97.6878159
160,Starbucks,"501 B Hwy 71 West, Bastrop, TX 78602, USA",30.10824719999999,-97.3349046
161,Starbucks,"900 N Austin Ave  Georgetown, TX 78626, USA",30.6494425,-97.67721580000001
162,Burger King,"300 State Hwy 71, Bastrop, TX 78602, USA",30.1046617,-97.3296733
163,Starbucks,"4410 Williams Drive TBD, Georgetown, TX 78628, USA",30.681529,-97.715705
164,Starbucks,"601 University Dr, San Marcos, TX 78666, USA",29.8888838,-97.9430682
165,CRAFThouse Kitchen & Tap,"242 N LBJ Dr ste 101, San Marcos, TX 78666, USA",29.8841838,-97.9399971
166,Sean Patrick's Irish Pub Texas Grub,"202 E San Antonio St, San Marcos, TX 78666, USA",29.8819552,-97.9395162
167,Burger King,"3509 N Main St, Taylor, TX 76574, USA",30.59824309999999,-97.4159351
168,Plucker's Wing Bar,"105 Purple Heart Trail, I-35, San Marcos, TX 78666, USA",29.8613094,-97.94833059999999
169,Starbucks,"5721 Williams Dr, Georgetown, TX 78633, USA",30.7033501,-97.7497339
170,Burger King,"1012 TX-123, San Marcos, TX 78666, USA",29.866867,-97.9391545
171,Starbucks,"1285 I-35, San Marcos, TX 78666, USA",29.8670668,-97.9404779
172,Starbucks,"700 Barnes Dr, San Marcos, TX 78666, USA",29.8465724,-97.97103349999999
173,Starbucks,"3939 Interstate 35 Frontage Rd  925, San Marcos, TX 78666, USA",29.8288469,-97.9808455
174,Starbucks,"690 Centerpoint Rd  San Marcos, TX 78666, USA",29.8280588,-97.98765279999999
175,Starbucks,"301 Gateway N, Marble Falls, TX 78654, USA",30.5634472,-98.27428019999999
176,Burger King,"11710 N I-35, Jarrell, TX 76537, USA",30.8116317,-97.61182409999999
177,Burger King,"904 US-281, Marble Falls, TX 78654, USA",30.5776032,-98.2733942
178,Starbucks,"135 Creekside Way, New Braunfels, TX 78130, USA",29.7314651,-98.07328849999999
179,Burger King,"101 FM306, New Braunfels, TX 78130, USA",29.729676,-98.07967389999999
180,Muck & Fuss,"295 E San Antonio St, New Braunfels, TX 78130, USA",29.7045946,-98.1234662
181,Burger King,"236 IH 35 S, New Braunfels, TX 78130, USA",29.6900196,-98.11553909999999
182,The Longhorn Cafe,"1667 TX-46, New Braunfels, TX 78132, USA",29.7150183,-98.1603592
183,Starbucks,"697 S Walnut Ave, New Braunfels, TX 78130, USA",29.6866938,-98.1258555
184,Starbucks,"2702 Jay Rd, Seguin, TX 78155, USA",29.6002587,-97.94962849999999
185,Burger King,"476 E Austin St, Giddings, TX 78942, USA",30.1815476,-96.93364000000001
186,Starbucks,"2325 E Austin St, Giddings, TX 78942, USA",30.1795766,-96.9146559
187,Kirby's Korner,"606 N Hwy 123 Bypass, Seguin, TX 78155, USA",29.5737075,-97.9418857
188,Burger King,"550 South Highway 123 Bypass, Seguin, TX 78155, USA",29.5654495,-97.94491219999999
189,Burger King,"334 Singing Oaks, Spring Branch, TX 78070, USA",29.800588,-98.41955750000001
190,Starbucks,"109 Old Boerne Rd, Bulverde, TX 78163, USA",29.7971176,-98.4222348
191,Burger King,"680 Knight's Way, Harker Heights, TX 76548, USA",31.0588194,-97.6609995
192,Starbucks,"201 E Cte Bldg 3, Harker Heights, TX 76548, USA",31.071716,-97.67012
193,Burger King,"3809 E Stan Schlueter Loop, Killeen, TX 76542, USA",31.0718895,-97.7095137
194,Starbucks,"507 W Stan Schlueter Loop, Killeen, TX 76542, USA",31.0780949,-97.75614309999999
195,Wayback Burgers,"3404 W Stan Schlueter Loop, Killeen, TX 76549, USA",31.083376,-97.78734829999999
196,Plucker's Wing Bar,"3000 E Central Texas Expy, Killeen, TX 76543, USA",31.0868529,-97.7140486
197,Red Robin,"2800 E Central Texas Expy, Killeen, TX 76543, USA",31.0874937,-97.7152364
198,Starbucks,"200 I-35, Belton, TX 76513, USA",31.054602,-97.4538766
199,Burger King,"206 N Ih 35, Belton, TX 76513, USA",31.0536533,-97.45240629999999
200,Starbucks,"5701 Tri County Pkwy, Schertz, TX 78154, USA",29.5976659,-98.2827361
201,Starbucks,"2600 Trimmier Rd A, Killeen, TX 76542, USA",31.0916858,-97.7328861
202,Planted Foodie Truck,"1410 Waco Rd, Belton, TX 76513, USA",31.0677863,-97.44301589999999
203,Starbucks,"23808 Resort Pkwy, San Antonio, TX 78261, USA",29.6651627,-98.39955739999999
204,Starbucks,"917 FM3009 Suite B, Schertz, TX 78154, USA",29.5663211,-98.2584334
205,Burger King,"Bldg 50000, Clear Creek Rd, Fort Hood, TX 76544, USA",31.130393,-97.8008746
206,Starbucks,"1033 S Fort Hood St, Killeen, TX 76541, USA",31.111301,-97.747391
207,Starbucks,"2108 S Clear Creek Rd, Killeen, TX 76549, USA",31.1138061,-97.7987512
208,Burger King,"505 E Rancier Ave, Killeen, TX 76541, USA",31.12528039999999,-97.72280909999999
209,Starbucks,"2524 E Hwy 190, Copperas Cove, TX 76522, USA",31.0931106,-97.9549783
210,Burger King,"16711 Nacogdoches Rd, San Antonio, TX 78266, USA",29.5928089,-98.3507944
211,Starbucks,"1313 SW H K Dodgen Loop, Temple, TX 76502, USA",31.0726744,-97.3695719
212,Burger King,"1001 East Highway 190, Copperas Cove, TX 76522, USA",31.100325,-97.9237083
213,Starbucks,"Santa Fe Ave Bldg 36065, ABC, Fort Hood, TX 76544, USA",31.1268636,-97.77616580000002
214,Starbucks,"Tank Destroyer Blvd &, Clear Creek Rd, Killeen, TX 76544, USA",31.1353889,-97.8127793
215,Plucker's Wing Bar,"14881 I-35 N, Selma, TX 78154, USA",29.5746534,-98.3259159
216,Starbucks,"8250 Agora Pkwy, Selma, TX 78154, USA",29.5702361,-98.3268535
217,Starbucks,"8234 Agora Pkwy, Selma, TX 78154, USA",29.5682835,-98.327153
218,Red Robin,"8227 Agora Pkwy, Selma, TX 78154, USA",29.5699849,-98.3294205
219,Starbucks,"118 761st Tank Battalion Ave, Fort Hood, TX 76544, USA",31.1374484,-97.76503989999999
220,Qdoba Mexican Eats,"761st Tank Battalion Ave Bldg 118, Fort Hood, TX 76544, USA",31.1373726,-97.7649679
221,Burger King,"761st Tank Battalion Ave Bldg 118, Fort Hood, TX 76544, USA",31.1373726,-97.7649679
222,Starbucks,"22832 U.S. Hwy 281 N, San Antonio, TX 78258, USA",29.6534531,-98.44479539999999
223,Starbucks,"630 3rd St W Bldg 1068, Randolph AFB, TX 78150, USA",29.5387821,-98.2879073
224,Starbucks,"22606 US-281 North, San Antonio, TX 78258, USA",29.6511876,-98.4480061
225,Burger King,"33012 Battalion Ave, Fort Hood, TX 76544, USA",31.1421185,-97.7891744
226,Burger King,"321 3rd St W Building 1038, Universal City, TX 78148, USA",29.5378613,-98.2890609
227,Burger King,"8131 Pat Booker Rd, Live Oak, TX 78233, USA",29.562387,-98.32974139999999
228,Starbucks,"8151 Pat Booker Rd, Live Oak, TX 78233, USA",29.5619194,-98.32913169999999
229,Dog Haus,"20907 Stone Oak Pkwy, San Antonio, TX 78258, USA",29.6499409,-98.4523986
230,Starbucks,"6607 W Adams Ave Suite A, Temple, TX 76502, USA",31.1157873,-97.4123237
231,Burger King,"6934 W Adams Ave, Temple, TX 76502, USA",31.1178862,-97.4156816
232,Starbucks,"3830 N Loop 1604 E  San Antonio, TX 78247, USA",29.599878,-98.418663
233,Starbucks,"20138 Stone Oak Pkwy, San Antonio, TX 78258, USA",29.6427265,-98.481224
234,Burger King,"822 Evans Rd, San Antonio, TX 78258, USA",29.6420708,-98.4812884
235,Wayback Burgers,"1723 N Loop 1604 E, San Antonio, TX 78232, USA",29.6104092,-98.4658228
236,Starbucks,"1723 N Loop 1604 E  San Antonio, TX 78232, USA",29.6104092,-98.4658228
237,Red Robin,"1750 N Loop 1604 E Ste 102, San Antonio, TX 78232, USA",29.6071641,-98.46372439999999
238,Starbucks,"18130 U.S. Highway 281 North, Suite 108, San Antonio, TX 78232, USA",29.6208447,-98.4644945
239,The Longhorn Cafe,"12311 Nacogdoches Rd, San Antonio, TX 78217, USA",29.5530443,-98.4054443
240,Starbucks,"8350 FM78, Converse, TX 78109, USA",29.4969698,-98.3220406
241,Project Pollo,"18730 Tuscany Stone Suite 2103, San Antonio, TX 78258, USA",29.6123192,-98.4925215
242,Starbucks,"18738 Tuscany Stone, San Antonio, TX 78258, USA",29.6122257,-98.4929288
243,Starbucks,"5314 Thousand Oaks Dr, San Antonio, TX 78284, USA",29.534751,-98.39356049999999
244,El Taco Grill,"19211 Huebner Rd  San Antonio, TX 78258, USA",29.622472,-98.5125266
245,Starbucks,"16101 San Pedro Ave, San Antonio, TX 78232, USA",29.5882575,-98.47520089999999
246,Burger King,"4405 N General Bruce Dr, Temple, TX 76501, USA",31.1406735,-97.3280039
247,Starbucks,"18255 Blanco Rd, San Antonio, TX 78258, USA",29.6119445,-98.5107831
248,Starbucks,"18154 Blanco Rd, San Antonio, TX 78232, USA",29.6078335,-98.50778749999999
249,The Longhorn Cafe,"17625 Blanco Rd, San Antonio, TX 78232, USA",29.6025757,-98.5084737
250,Burger King,"5013 Walzem Rd, Windcrest, TX 78218, USA",29.5107548,-98.390349
251,Starbucks,"4901 Walzem Rd, San Antonio, TX 78218, USA",29.5106292,-98.3948237
252,Starbucks,"1858 N Loop 1604 W, San Antonio, TX 78248, USA",29.6076147,-98.52237029999999
253,Burger King,"2002 N Loop 1604 W, San Antonio, TX 78248, USA",29.6072456,-98.52391449999999
254,Burger King,"6359 Rittiman Rd, San Antonio, TX 78218, USA",29.4810479,-98.3616869
255,Starbucks,"210 W Bitters Rd, San Antonio, TX 78216, USA",29.5667714,-98.48533979999999
256,EZ'S Brick Oven & Grill,"734 W Bitters Rd, San Antonio, TX 78216, USA",29.5656506,-98.483953
257,Burger King,"Aafes Mini-mall Building 5184, San Antonio, TX 78257, USA",29.4624802,-98.4347738
258,Burger King,"14021 U.S. Hwy 87 W, La Vernia, TX 78121, USA",29.3568501,-98.1293115
259,Burger King,"4618 Rittiman Rd, San Antonio, TX 78218, USA",29.4836074,-98.4011761
260,The Longhorn Cafe,"369 S Esser Rd, Boerne, TX 78006, USA",29.7881064,-98.7153196
261,Starbucks,"9800 Airport Blvd Suite 2090, San Antonio, TX 78216, USA",29.5288868,-98.47208760000001
262,Starbucks,"16852 NW Military Hwy, Shavano Park, TX 78231, USA",29.5990086,-98.5627665
263,Starbucks,"12711 Blanco Rd, San Antonio, TX 78216, USA",29.5569779,-98.5171034
264,Starbucks,"23783 I-10, San Antonio, TX 78257, USA",29.66341689999999,-98.6315516
265,The Longhorn Cafe,"23775 I-10, San Antonio, TX 78257, USA",29.6628899,-98.63153709999999
266,Burger King,"8922 Airport Blvd, San Antonio, TX 78216, USA",29.5210959,-98.4763464
267,The Longhorn Cafe,"1003 Rittiman Rd, San Antonio, TX 78218, USA",29.4859046,-98.4288814
268,Starbucks,"1901 Nacogdoches Rd  San Antonio, TX 78209, USA",29.5061204,-98.4587414
269,Starbucks,"2414 Harry Wurzbach Rd, San Antonio, TX 78218, USA",29.4853177,-98.42971039999999
270,Burger King,"6170 Ih 10 East, San Antonio, TX 78219, USA",29.4432776,-98.36184639999999
271,Burger King,"1327 S Main St, Boerne, TX 78006, USA",29.7798044,-98.72822169999999
272,Revolución Coffee + Juice,"7959 Broadway  San Antonio, TX 78209, USA",29.506855,-98.46697069999999
273,Burger King,"1102 S State Hwy 16, Fredericksburg, TX 78624, USA",30.2604158,-98.88394029999999
274,Project Pollo,"9519 San Pedro Ave, San Antonio, TX 78216, USA",29.5273871,-98.49895339999999
275,Starbucks,"1223 Austin Hwy, San Antonio, TX 78209, USA",29.4880669,-98.44750259999999
276,Starbucks,"12003 NW Military Hwy, San Antonio, TX 78231, USA",29.5558246,-98.53538999999999
277,Mash'd,"17623 La Cantera Pkwy UNIT 107, San Antonio, TX 78257, USA",29.609685,-98.59858299999999
278,Starbucks,"35065 I-10, Boerne, TX 78006, USA",29.7783844,-98.7374696
279,Starbucks,"6028 Worth Pkwy  San Antonio, TX 78257, USA",29.6126143,-98.60212279999999
280,Starbucks,"7400 San Pedro Ave  San Antonio, TX 78216, USA",29.51836519999999,-98.4962322
281,Starbucks,"17502 La Cantera Pkwy The Rim Shopping Center, San Antonio, TX 78257, USA",29.60936689999999,-98.5987734
282,The Cheesecake Factory,"7400 San Pedro Ave, San Antonio, TX 78216, USA",29.51836519999999,-98.4962322
283,Red Robin,"17403 W I-10, San Antonio, TX 78257, USA",29.6552238,-98.6253193
284,Burger King,"3600 George C Beach Ave, Fort Sam Houston, TX 78234, USA",29.45649999999999,-98.421268
285,Starbucks,"8055 West Ave  San Antonio, TX 78213, USA",29.53521839999999,-98.5217619
286,Starbucks,"3841 Scotts Rd, Fort Sam Houston, TX 78234, USA",29.4438153,-98.4440369
287,Starbucks,"5210 N 1604 W, San Antonio, TX 78249, USA",29.5913803,-98.58801960000001
288,Starbucks,"7311 San Pedro Ave, San Antonio, TX 78216, USA",29.515857,-98.4995752
289,Starbucks,"746 Northwest Loop 410, San Antonio, TX 78216, USA",29.5165348,-98.5050155
290,Starbucks,"255 E Basse Rd Ste 700, San Antonio, TX 78209, USA",29.4960263,-98.4801737
291,Burger King,"1387 William Hardee Rd, Fort Sam Houston, TX 78234, USA",29.4624051,-98.4348468
292,Starbucks,"5321 Broadway St, San Antonio, TX 78209, USA",29.4768056,-98.46309169999999
293,Johnny Rockets,"17000 W I-10, San Antonio, TX 78257, USA",29.5991156,-98.6105607
294,Broadway 5050,"5050 Broadway, Alamo Heights, TX 78209, USA",29.4728875,-98.46244870000001
295,Grille 254,"16641 La Cantera Pkwy, San Antonio, TX 78256, USA",29.6033884,-98.6202764
296,Bar Louie,"15900 La Cantera Pkwy, San Antonio, TX 78256, USA",29.5915628,-98.614716
297,The Cheesecake Factory,"15900 La Cantera Pkwy, San Antonio, TX 78256, USA",29.5915628,-98.614716
298,Starbucks,"15900, 3440 La Cantera Pkwy Bldg 3, San Antonio, TX 78256, USA",29.5915628,-98.614716
299,Burger King,"6003 West Ave, San Antonio, TX 78213, USA",29.5156713,-98.5262953
